{"version":1,"hash":{"type":"Buffer","data":"mI6MT2er/BejsD72So1EB7PuM7wsKyBaqJOPFkaHfhVAV7eQ9EMZ5SKgwZuoyvJPJV1OcZ17q/+S1cTwPVtsg74XaPc6tiHkdG0W3fz9Xp3sPbf0bhJuXEBWuI7L1cPMmj7n84du092EMDl7gDF9xh6ePn8ZkbQeLyZ7fqNNcYs="},"indexValueMap":{"O+pTlEsNz94bLzAmM9L4KpYVrqO1e7/Zl/lkkas+ne4=":{"valueMac":{"type":"Buffer","data":"OnqJFETxvhP6MkeXRTwytV+lr6oLzeImy+L77cmqaGA="}},"AebiwoJtY2c7+Z+HnoijomzjMbu0qJ81XGGcUyQO2bc=":{"valueMac":{"type":"Buffer","data":"XTljQPDEpVhksnk44bbql5e80XuC5hHqSfPDluyK9BU="}},"Ow9NR1WnEZe9v8vnWDulJw/wR2fzVCZbbrnLnmITj1c=":{"valueMac":{"type":"Buffer","data":"ZzHUY/xrO4LQplBAEWe98DZY1czxI1OKIodOWX9A8EI="}},"YVktQytYC2st0DIOYCPuaGd4JUP0fuYHJfMs/5bCKOY=":{"valueMac":{"type":"Buffer","data":"MGmybwQHQL5SSDDkyoH+Mj5vJRRLtfSSN4Gv+hogY6Q="}}}}