{"noiseKey":{"private":{"type":"Buffer","data":"UPeem6T9M4Qg95e9QRNTu7Tlgq32UjdeN1zqHPswl0k="},"public":{"type":"Buffer","data":"PfxF/jvrHrxymw3136Bfq2WMcA0fQJgNsV++fawURWo="}},"pairingEphemeralKeyPair":{"private":{"type":"Buffer","data":"GNP6OcILwL0bdvcqfhG7JIwppnUTXrdAMSncqjI0jl8="},"public":{"type":"Buffer","data":"yoovDJ0wIiD+pp161tj3sOwArRdC/UIRgV40QtP2/UI="}},"signedIdentityKey":{"private":{"type":"Buffer","data":"ULsTFA4l5gqOJpjPhiyDMuypfMwobXGQQ7J89ZSWWVE="},"public":{"type":"Buffer","data":"OVN4ahT2BQegM3QLSyyM0+3H/7Xn/CH2IVn4AjbnvEM="}},"signedPreKey":{"keyPair":{"private":{"type":"Buffer","data":"WD7O8uO84eGRRugC8NcnlGSMTF7dRbojBGK965IZHGc="},"public":{"type":"Buffer","data":"5s2x1YIfcDE2bYTdTwI0pAoiy1bIzQmzM5ijz4ItEHg="}},"signature":{"type":"Buffer","data":"LTAplRR1kVh78qau5z5Ll2DtBrDvulCJptPH9+abDuyeW0cKRaDLwfNRcADeBAvCZUMvspjHnod9FKOWuKpWBQ=="},"keyId":1},"registrationId":9,"advSecretKey":"M4WwoQwpIhMZ4tMPp4ZXzEw81Gl4llzyrTscq0L9lNg=","processedHistoryMessages":[{"key":{"remoteJid":"201201710242@s.whatsapp.net","fromMe":true,"id":"BE80B9CEA51A6BA8CAB95D21D9179C88"},"messageTimestamp":1711573521},{"key":{"remoteJid":"201201710242@s.whatsapp.net","fromMe":true,"id":"609A57D538DA88A8927E3D607F747A07"},"messageTimestamp":1711573521},{"key":{"remoteJid":"201201710242@s.whatsapp.net","fromMe":true,"id":"BC9864118BCB911C30A22B894CF300D9"},"messageTimestamp":1711573531}],"nextPreKeyId":31,"firstUnuploadedPreKeyId":31,"accountSyncCounter":1,"accountSettings":{"unarchiveChats":false},"deviceId":"zTOx5u3kSW-pG1glGEv7_w","phoneId":"f5d1ecbc-ef2f-4111-a5e7-3140507a0379","identityId":{"type":"Buffer","data":"DSLnSKXdbNxxyVQ87kFJekf6ILI="},"registered":false,"backupToken":{"type":"Buffer","data":"ViC6kmUUPgjXeru2roFzcCuZgls="},"registration":{},"account":{"details":"CISjsPUHEI2UkrAGGAIgACgA","accountSignatureKey":"+Tog7SHUHX8Xu7PcyBfrHtcM7rSyDJpWMbIQWUo9owA=","accountSignature":"3oK3EWtU+4I0Tmj4F7RVc48liLVz3lgtw8bOW1VUm1r8uP5L37au0M0hTe5hnmlqDQfjV1kV1eSDuHCAkrLTAg==","deviceSignature":"BGYULx2rauSFmZToMSfax1GF2h9OG+7kkUw+DehmBS5QSXJnqfxrrzcocUyT8kcIWwIlp9cBfaFHgfWahfQGBg=="},"me":{"id":"201201710242:2@s.whatsapp.net","lid":"182510726213797:2@lid","name":"Mody Amr"},"signalIdentities":[{"identifier":{"name":"201201710242:2@s.whatsapp.net","deviceId":0},"identifierKey":{"type":"Buffer","data":"Bfk6IO0h1B1/F7uz3MgX6x7XDO60sgyaVjGyEFlKPaMA"}}],"platform":"android","lastAccountSyncTimestamp":1711573552,"myAppStateKeyId":"AAAAANah"}