{"_sessions":{"BcE1XjZ9gQFUxDCgIaqG4zC/SKD/UCSF79+uGZAl+XEm":{"registrationId":638853842,"currentRatchet":{"ephemeralKeyPair":{"pubKey":"BVwOV+JHV+ioT3PxvFYC+6wkI5J5enXAcUb6jaclZo14","privKey":"UMTndQAkYDsYLjY1dYR0HQzSi03b+GIslK/SPdjjs2Q="},"lastRemoteEphemeralKey":"BfYlnWV+yrNOe9wct4SY68KFT3aMvMturw+koAfpGi9J","previousCounter":0,"rootKey":"RuYn1fd2QE1iqsBKfhoZ6SivUtNNnWmZzXPZN5SR2KA="},"indexInfo":{"baseKey":"BcE1XjZ9gQFUxDCgIaqG4zC/SKD/UCSF79+uGZAl+XEm","baseKeyType":2,"closed":-1,"used":1711573521645,"created":1711573521645,"remoteIdentityKey":"Bfk6IO0h1B1/F7uz3MgX6x7XDO60sgyaVjGyEFlKPaMA"},"_chains":{"BfYlnWV+yrNOe9wct4SY68KFT3aMvMturw+koAfpGi9J":{"chainKey":{"counter":6,"key":"dWn9qByrfO9EuND8ve8P42hOyt97Y3p1nMgH8k6K44k="},"chainType":2,"messageKeys":{}},"BVwOV+JHV+ioT3PxvFYC+6wkI5J5enXAcUb6jaclZo14":{"chainKey":{"counter":1,"key":"5KBBZQg18TY5+HeBbI6jGZZsgAk7R9s95Ji1DVMYbtQ="},"chainType":1,"messageKeys":{}}}}},"version":"v1"}