{"_sessions":{"BTnES8tabyv2bVppsPMYikhpz0hq64rx0nf3PQ9jZhFs":{"registrationId":1333822117,"currentRatchet":{"ephemeralKeyPair":{"pubKey":"BVKj6cjQmh7g92XMIhfhBhx3ixc3skUNA218S7QPE4NE","privKey":"YPw6kQ/DSwIOogBfTBy5btlju1Yd964x5gHn4zseeH8="},"lastRemoteEphemeralKey":"BYXSHFislXfMidx1A/qqPobU9J5RMiZplwCjDqQFPH0A","previousCounter":0,"rootKey":"JX3trbFqszQ/Tar1Y1UbRtWIma5m02bA8Io5y71b2sU="},"indexInfo":{"baseKey":"BTnES8tabyv2bVppsPMYikhpz0hq64rx0nf3PQ9jZhFs","baseKeyType":1,"closed":-1,"used":1711573553611,"created":1711573553611,"remoteIdentityKey":"BRAz9m8SmzrROJyIZmWh5RXBr6ZlOnpxJDSrgMIx625D"},"_chains":{"BVKj6cjQmh7g92XMIhfhBhx3ixc3skUNA218S7QPE4NE":{"chainKey":{"counter":1,"key":"1wrIR40LmkPG4HCVZ642fC1hpLMzn0LcjjiSYW4Jvzg="},"chainType":1,"messageKeys":{}}},"pendingPreKey":{"signedKeyId":0,"baseKey":"BTnES8tabyv2bVppsPMYikhpz0hq64rx0nf3PQ9jZhFs","preKeyId":7832951}}},"version":"v1"}