{"_sessions":{"BaaseBU5srH7E6D6mVjmZy4sScP0TerT9bBwT3809x8E":{"registrationId":36,"currentRatchet":{"ephemeralKeyPair":{"pubKey":"BY3GFNozY2yKo4TWtrSHV1e5LldwH03Uq8yrsvB3YhQ0","privKey":"0OsXtQcZxRuQAEkYi4kLiXvP33eC5WjBmn2HfyuVdFo="},"lastRemoteEphemeralKey":"BTuBWks7SoYvY7r6mb0s1kAArGI+VZPjhCcd35G7iL5A","previousCounter":0,"rootKey":"1xSbFBOUE8r5ULMPEBIzHXtRpxSC4qb1ge+5Nr6ekU8="},"indexInfo":{"baseKey":"BaaseBU5srH7E6D6mVjmZy4sScP0TerT9bBwT3809x8E","baseKeyType":1,"closed":-1,"used":1711573553599,"created":1711573553599,"remoteIdentityKey":"BbqLUVV9klVowlIvd1nu4U4wOt9jfttjE5Qguiimzkob"},"_chains":{"BY3GFNozY2yKo4TWtrSHV1e5LldwH03Uq8yrsvB3YhQ0":{"chainKey":{"counter":1,"key":"9/1c6JRyXYu5/851Vd5LQGvlC3orzA5/EcUekL6Ufss="},"chainType":1,"messageKeys":{}}},"pendingPreKey":{"signedKeyId":1,"baseKey":"BaaseBU5srH7E6D6mVjmZy4sScP0TerT9bBwT3809x8E","preKeyId":56}}},"version":"v1"}