{"_sessions":{"BVjyVA8jAi9hKCH7sZEkBgtPjKjrko2+bYPD6LSHtQgD":{"registrationId":14429,"currentRatchet":{"ephemeralKeyPair":{"pubKey":"BcL8EVmnvzgxJK+ESAo5ZPNL+1En6etAf+BFTe2+q+d7","privKey":"mAoMQFfvhtF+9LViwXGE4Gs8SFygYLWCloLLEXp1oWc="},"lastRemoteEphemeralKey":"BcwS7XW2MkC73NEHS7/MCXm4BMhRLs3Yg+bZVneHaAEG","previousCounter":0,"rootKey":"6j1o+CYWBYwLEG0mV0FXPSlTFxH42tHCSn1TJRuyTjE="},"indexInfo":{"baseKey":"BVjyVA8jAi9hKCH7sZEkBgtPjKjrko2+bYPD6LSHtQgD","baseKeyType":1,"closed":-1,"used":1711573553605,"created":1711573553605,"remoteIdentityKey":"BYIi0C8MrilQ9fPgLRc6N7XVpREqyfZ/UCfVQuPPGoIL"},"_chains":{"BcL8EVmnvzgxJK+ESAo5ZPNL+1En6etAf+BFTe2+q+d7":{"chainKey":{"counter":1,"key":"nrVP6ZK3Zsp+WhqOO2jmkoKMfks5OEzghUsWvzvH/yE="},"chainType":1,"messageKeys":{}}},"pendingPreKey":{"signedKeyId":1,"baseKey":"BVjyVA8jAi9hKCH7sZEkBgtPjKjrko2+bYPD6LSHtQgD","preKeyId":147}}},"version":"v1"}